Date,Value,ChangePercentMonth,ChangePercentYear
1947-01,21.48,,
1947-02,21.62,0.006518,
1947-03,22.0,0.017576,
1947-04,22.0,0.0,
1947-05,21.95,-0.002273,
1947-06,22.08,0.005923,
1947-07,22.23,0.006793,
1947-08,22.4,0.007647,
1947-09,22.84,0.019643,
1947-10,22.91,0.003065,
1947-11,23.06,0.006547,
1947-12,23.41,0.015178,
1948-01,23.68,0.011534,0.102421
1948-02,23.67,-0.000422,0.09482
1948-03,23.5,-0.007182,0.068182
1948-04,23.82,0.013617,0.082727
1948-05,24.01,0.007976,0.09385
1948-06,24.15,0.005831,0.09375
1948-07,24.4,0.010352,0.097616
1948-08,24.43,0.00123,0.090625
1948-09,24.36,-0.002865,0.06655
1948-10,24.31,-0.002053,0.061109
1948-11,24.16,-0.00617,0.047702
1948-12,24.05,-0.004553,0.027339
1949-01,24.01,-0.001663,0.013936
1949-02,23.91,-0.004165,0.010139
1949-03,23.91,0.0,0.017447
1949-04,23.92,0.000418,0.004198
1949-05,23.91,-0.000418,-0.004165
1949-06,23.92,0.000418,-0.009524
1949-07,23.7,-0.009197,-0.028689
1949-08,23.7,0.0,-0.029881
1949-09,23.75,0.00211,-0.025041
1949-10,23.67,-0.003368,-0.026327
1949-11,23.7,0.001267,-0.01904
1949-12,23.61,-0.003797,-0.018295
1950-01,23.51,-0.004235,-0.020825
1950-02,23.61,0.004254,-0.012547
1950-03,23.64,0.001271,-0.011292
1950-04,23.65,0.000423,-0.011288
1950-05,23.77,0.005074,-0.005855
1950-06,23.88,0.004628,-0.001672
1950-07,24.07,0.007956,0.015612
1950-08,24.2,0.005401,0.021097
1950-09,24.34,0.005785,0.024842
1950-10,24.5,0.006574,0.035065
1950-11,24.6,0.004082,0.037975
1950-12,24.98,0.015447,0.058026
1951-01,25.38,0.016013,0.079541
1951-02,25.83,0.01773,0.094028
1951-03,25.88,0.001936,0.094755
1951-04,25.92,0.001546,0.095983
1951-05,25.99,0.002701,0.093395
1951-06,25.93,-0.002309,0.085846
1951-07,25.91,-0.000771,0.076444
1951-08,25.86,-0.00193,0.068595
1951-09,26.03,0.006574,0.069433
1951-10,26.16,0.004994,0.067755
1951-11,26.32,0.006116,0.069919
1951-12,26.47,0.005699,0.059648
1952-01,26.45,-0.000756,0.042159
1952-02,26.41,-0.001512,0.022455
1952-03,26.39,-0.000757,0.019706
1952-04,26.46,0.002653,0.020833
1952-05,26.47,0.000378,0.018469
1952-06,26.53,0.002267,0.023139
1952-07,26.68,0.005654,0.029718
1952-08,26.69,0.000375,0.032096
1952-09,26.63,-0.002248,0.02305
1952-10,26.69,0.002253,0.02026
1952-11,26.69,0.0,0.014058
1952-12,26.71,0.000749,0.009067
1953-01,26.64,-0.002621,0.007183
1953-02,26.59,-0.001877,0.006816
1953-03,26.63,0.001504,0.009094
1953-04,26.69,0.002253,0.008692
1953-05,26.7,0.000375,0.008689
1953-06,26.77,0.002622,0.009046
1953-07,26.79,0.000747,0.004123
1953-08,26.85,0.00224,0.005995
1953-09,26.89,0.00149,0.009763
1953-10,26.95,0.002231,0.009741
1953-11,26.85,-0.003711,0.005995
1953-12,26.87,0.000745,0.00599
1954-01,26.94,0.002605,0.011261
1954-02,26.99,0.001856,0.015043
1954-03,26.93,-0.002223,0.011265
1954-04,26.86,-0.002599,0.006369
1954-05,26.93,0.002606,0.008614
1954-06,26.94,0.000371,0.00635
1954-07,26.86,-0.00297,0.002613
1954-08,26.85,-0.000372,0.0
1954-09,26.81,-0.00149,-0.002975
1954-10,26.72,-0.003357,-0.008534
1954-11,26.78,0.002246,-0.002607
1954-12,26.77,-0.000373,-0.003722
1955-01,26.77,0.0,-0.00631
1955-02,26.82,0.001868,-0.006299
1955-03,26.79,-0.001119,-0.005199
1955-04,26.79,0.0,-0.002606
1955-05,26.77,-0.000747,-0.005941
1955-06,26.71,-0.002241,-0.008537
1955-07,26.76,0.001872,-0.003723
1955-08,26.72,-0.001495,-0.004842
1955-09,26.85,0.004865,0.001492
1955-10,26.82,-0.001117,0.003743
1955-11,26.88,0.002237,0.003734
1955-12,26.87,-0.000372,0.003736
1956-01,26.83,-0.001489,0.002241
1956-02,26.86,0.001118,0.001491
1956-03,26.89,0.001117,0.003733
1956-04,26.93,0.001488,0.005226
1956-05,27.03,0.003713,0.009712
1956-06,27.15,0.00444,0.016473
1956-07,27.29,0.005157,0.019806
1956-08,27.31,0.000733,0.022081
1956-09,27.35,0.001465,0.018622
1956-10,27.51,0.00585,0.025727
1956-11,27.51,0.0,0.023438
1956-12,27.63,0.004362,0.028284
1957-01,27.67,0.001448,0.031308
1957-02,27.8,0.004698,0.034996
1957-03,27.86,0.002158,0.036073
1957-04,27.93,0.002513,0.037133
1957-05,28.0,0.002506,0.035886
1957-06,28.11,0.003929,0.035359
1957-07,28.19,0.002846,0.032979
1957-08,28.28,0.003193,0.035518
1957-09,28.32,0.001414,0.035466
1957-10,28.32,0.0,0.029444
1957-11,28.41,0.003178,0.032715
1957-12,28.47,0.002112,0.030402
1958-01,28.64,0.005971,0.035056
1958-02,28.7,0.002095,0.032374
1958-03,28.87,0.005923,0.036253
1958-04,28.94,0.002425,0.036162
1958-05,28.94,0.0,0.033571
1958-06,28.91,-0.001037,0.02846
1958-07,28.89,-0.000692,0.024832
1958-08,28.94,0.001731,0.023338
1958-09,28.91,-0.001037,0.020833
1958-10,28.91,0.0,0.020833
1958-11,28.95,0.001384,0.019007
1958-12,28.97,0.000691,0.017562
1959-01,29.01,0.001381,0.012919
1959-02,29.0,-0.000345,0.010453
1959-03,28.97,-0.001034,0.003464
1959-04,28.98,0.000345,0.001382
1959-05,29.04,0.00207,0.003455
1959-06,29.11,0.00241,0.006918
1959-07,29.15,0.001374,0.009
1959-08,29.18,0.001029,0.008293
1959-09,29.25,0.002399,0.011761
1959-10,29.35,0.003419,0.01522
1959-11,29.35,0.0,0.013817
1959-12,29.41,0.002044,0.015188
1960-01,29.37,-0.00136,0.01241
1960-02,29.41,0.001362,0.014138
1960-03,29.41,0.0,0.015188
1960-04,29.54,0.00442,0.019324
1960-05,29.57,0.001016,0.018251
1960-06,29.61,0.001353,0.017176
1960-07,29.55,-0.002026,0.013722
1960-08,29.61,0.00203,0.014736
1960-09,29.61,0.0,0.012308
1960-10,29.75,0.004728,0.013629
1960-11,29.78,0.001008,0.014651
1960-12,29.81,0.001007,0.013601
1961-01,29.84,0.001006,0.016003
1961-02,29.84,0.0,0.014621
1961-03,29.84,0.0,0.014621
1961-04,29.81,-0.001005,0.00914
1961-05,29.84,0.001006,0.009131
1961-06,29.84,0.0,0.007768
1961-07,29.92,0.002681,0.012521
1961-08,29.94,0.000668,0.011145
1961-09,29.98,0.001336,0.012496
1961-10,29.98,0.0,0.007731
1961-11,29.98,0.0,0.006716
1961-12,30.01,0.001001,0.006709
1962-01,30.04,0.001,0.006702
1962-02,30.11,0.00233,0.009048
1962-03,30.17,0.001993,0.011059
1962-04,30.21,0.001326,0.013418
1962-05,30.24,0.000993,0.013405
1962-06,30.21,-0.000992,0.012399
1962-07,30.22,0.000331,0.010027
1962-08,30.28,0.001985,0.011356
1962-09,30.42,0.004624,0.014676
1962-10,30.38,-0.001315,0.013342
1962-11,30.38,0.0,0.013342
1962-12,30.38,0.0,0.012329
1963-01,30.44,0.001975,0.013316
1963-02,30.48,0.001314,0.012288
1963-03,30.51,0.000984,0.011269
1963-04,30.48,-0.000983,0.008937
1963-05,30.51,0.000984,0.008929
1963-06,30.61,0.003278,0.013241
1963-07,30.69,0.002614,0.015553
1963-08,30.75,0.001955,0.015522
1963-09,30.72,-0.000976,0.009862
1963-10,30.75,0.000977,0.012179
1963-11,30.78,0.000976,0.013167
1963-12,30.88,0.003249,0.016458
1964-01,30.94,0.001943,0.016426
1964-02,30.91,-0.00097,0.014108
1964-03,30.94,0.000971,0.014094
1964-04,30.95,0.000323,0.01542
1964-05,30.98,0.000969,0.015405
1964-06,31.01,0.000968,0.013068
1964-07,31.02,0.000322,0.010753
1964-08,31.05,0.000967,0.009756
1964-09,31.08,0.000966,0.011719
1964-10,31.12,0.001287,0.012033
1964-11,31.21,0.002892,0.01397
1964-12,31.25,0.001282,0.011982
1965-01,31.28,0.00096,0.010989
1965-02,31.28,0.0,0.01197
1965-03,31.31,0.000959,0.011959
1965-04,31.38,0.002236,0.013893
1965-05,31.48,0.003187,0.016139
1965-06,31.61,0.00413,0.019349
1965-07,31.58,-0.000949,0.018053
1965-08,31.55,-0.00095,0.016103
1965-09,31.62,0.002219,0.017375
1965-10,31.65,0.000949,0.017031
1965-11,31.75,0.00316,0.017302
1965-12,31.85,0.00315,0.0192
1966-01,31.88,0.000942,0.019182
1966-02,32.08,0.006274,0.025575
1966-03,32.18,0.003117,0.027787
1966-04,32.28,0.003108,0.028681
1966-05,32.35,0.002169,0.027637
1966-06,32.38,0.000927,0.024359
1966-07,32.45,0.002162,0.027549
1966-08,32.65,0.006163,0.034865
1966-09,32.75,0.003063,0.035737
1966-10,32.85,0.003053,0.037915
1966-11,32.88,0.000913,0.035591
1966-12,32.92,0.001217,0.033595
1967-01,32.9,-0.000608,0.031995
1967-02,33.0,0.00304,0.028678
1967-03,33.0,0.0,0.025482
1967-04,33.1,0.00303,0.025403
1967-05,33.1,0.0,0.023184
1967-06,33.3,0.006042,0.028413
1967-07,33.4,0.003003,0.029276
1967-08,33.5,0.002994,0.026034
1967-09,33.6,0.002985,0.025954
1967-10,33.7,0.002976,0.025875
1967-11,33.9,0.005935,0.031022
1967-12,34.0,0.00295,0.032807
1968-01,34.1,0.002941,0.036474
1968-02,34.2,0.002933,0.036364
1968-03,34.3,0.002924,0.039394
1968-04,34.4,0.002915,0.039275
1968-05,34.5,0.002907,0.042296
1968-06,34.7,0.005797,0.042042
1968-07,34.9,0.005764,0.04491
1968-08,35.0,0.002865,0.044776
1968-09,35.1,0.002857,0.044643
1968-10,35.3,0.005698,0.047478
1968-11,35.4,0.002833,0.044248
1968-12,35.6,0.00565,0.047059
1969-01,35.7,0.002809,0.046921
1969-02,35.8,0.002801,0.046784
1969-03,36.1,0.00838,0.052478
1969-04,36.3,0.00554,0.055233
1969-05,36.4,0.002755,0.055072
1969-06,36.6,0.005495,0.054755
1969-07,36.8,0.005464,0.054441
1969-08,36.9,0.002717,0.054286
1969-09,37.1,0.00542,0.05698
1969-10,37.3,0.005391,0.056657
1969-11,37.5,0.005362,0.059322
1969-12,37.7,0.005333,0.058989
1970-01,37.9,0.005305,0.061625
1970-02,38.1,0.005277,0.064246
1970-03,38.3,0.005249,0.060942
1970-04,38.5,0.005222,0.060606
1970-05,38.6,0.002597,0.06044
1970-06,38.8,0.005181,0.060109
1970-07,38.9,0.002577,0.057065
1970-08,39.0,0.002571,0.056911
1970-09,39.2,0.005128,0.056604
1970-10,39.4,0.005102,0.0563
1970-11,39.6,0.005076,0.056
1970-12,39.8,0.005051,0.055703
1971-01,39.9,0.002513,0.05277
1971-02,39.9,0.0,0.047244
1971-03,40.0,0.002506,0.044386
1971-04,40.1,0.0025,0.041558
1971-05,40.3,0.004988,0.044041
1971-06,40.5,0.004963,0.043814
1971-07,40.6,0.002469,0.043702
1971-08,40.7,0.002463,0.04359
1971-09,40.8,0.002457,0.040816
1971-10,40.9,0.002451,0.038071
1971-11,41.0,0.002445,0.035354
1971-12,41.1,0.002439,0.032663
1972-01,41.2,0.002433,0.032581
1972-02,41.4,0.004854,0.037594
1972-03,41.4,0.0,0.035
1972-04,41.5,0.002415,0.034913
1972-05,41.6,0.00241,0.032258
1972-06,41.7,0.002404,0.02963
1972-07,41.8,0.002398,0.029557
1972-08,41.9,0.002392,0.029484
1972-09,42.1,0.004773,0.031863
1972-10,42.2,0.002375,0.031785
1972-11,42.4,0.004739,0.034146
1972-12,42.5,0.002358,0.034063
1973-01,42.7,0.004706,0.036408
1973-02,43.0,0.007026,0.038647
1973-03,43.4,0.009302,0.048309
1973-04,43.7,0.006912,0.053012
1973-05,43.9,0.004577,0.055288
1973-06,44.2,0.006834,0.059952
1973-07,44.2,0.0,0.057416
1973-08,45.0,0.0181,0.073986
1973-09,45.2,0.004444,0.073634
1973-10,45.6,0.00885,0.080569
1973-11,45.9,0.006579,0.082547
1973-12,46.3,0.008715,0.089412
1974-01,46.8,0.010799,0.096019
1974-02,47.3,0.010684,0.1
1974-03,47.8,0.010571,0.101382
1974-04,48.1,0.006276,0.100686
1974-05,48.6,0.010395,0.107062
1974-06,49.0,0.00823,0.108597
1974-07,49.3,0.006122,0.115385
1974-08,49.9,0.01217,0.108889
1974-09,50.6,0.014028,0.119469
1974-10,51.0,0.007905,0.118421
1974-11,51.5,0.009804,0.122004
1974-12,51.9,0.007767,0.12095
1975-01,52.3,0.007707,0.117521
1975-02,52.6,0.005736,0.112051
1975-03,52.8,0.003802,0.104603
1975-04,53.0,0.003788,0.101871
1975-05,53.1,0.001887,0.092593
1975-06,53.5,0.007533,0.091837
1975-07,54.0,0.009346,0.095335
1975-08,54.2,0.003704,0.086172
1975-09,54.6,0.00738,0.079051
1975-10,54.9,0.005495,0.076471
1975-11,55.3,0.007286,0.073786
1975-12,55.6,0.005425,0.071291
1976-01,55.8,0.003597,0.066922
1976-02,55.9,0.001792,0.062738
1976-03,56.0,0.001789,0.060606
1976-04,56.1,0.001786,0.058491
1976-05,56.4,0.005348,0.062147
1976-06,56.7,0.005319,0.059813
1976-07,57.0,0.005291,0.055556
1976-08,57.3,0.005263,0.057196
1976-09,57.6,0.005236,0.054945
1976-10,57.9,0.005208,0.054645
1976-11,58.1,0.003454,0.050633
1976-12,58.4,0.005164,0.05036
1977-01,58.7,0.005137,0.051971
1977-02,59.3,0.010221,0.060823
1977-03,59.6,0.005059,0.064286
1977-04,60.0,0.006711,0.069519
1977-05,60.2,0.003333,0.067376
1977-06,60.5,0.004983,0.067019
1977-07,60.8,0.004959,0.066667
1977-08,61.1,0.004934,0.066318
1977-09,61.3,0.003273,0.064236
1977-10,61.6,0.004894,0.063903
1977-11,62.0,0.006494,0.067126
1977-12,62.3,0.004839,0.066781
1978-01,62.7,0.006421,0.068143
1978-02,63.0,0.004785,0.062395
1978-03,63.4,0.006349,0.063758
1978-04,63.9,0.007886,0.065
1978-05,64.5,0.00939,0.071429
1978-06,65.0,0.007752,0.07438
1978-07,65.5,0.007692,0.077303
1978-08,65.9,0.006107,0.07856
1978-09,66.5,0.009105,0.084829
1978-10,67.1,0.009023,0.089286
1978-11,67.5,0.005961,0.08871
1978-12,67.9,0.005926,0.089888
1979-01,68.5,0.008837,0.092504
1979-02,69.2,0.010219,0.098413
1979-03,69.9,0.010116,0.102524
1979-04,70.6,0.010014,0.104851
1979-05,71.4,0.011331,0.106977
1979-06,72.2,0.011204,0.110769
1979-07,73.0,0.01108,0.114504
1979-08,73.7,0.009589,0.118361
1979-09,74.4,0.009498,0.118797
1979-10,75.2,0.010753,0.120715
1979-11,76.0,0.010638,0.125926
1979-12,76.9,0.011842,0.132548
1980-01,78.0,0.014304,0.138686
1980-02,79.0,0.012821,0.141618
1980-03,80.1,0.013924,0.145923
1980-04,80.9,0.009988,0.145892
1980-05,81.7,0.009889,0.144258
1980-06,82.5,0.009792,0.142659
1980-07,82.6,0.001212,0.131507
1980-08,83.2,0.007264,0.128901
1980-09,83.9,0.008413,0.127688
1980-10,84.7,0.009535,0.12633
1980-11,85.6,0.010626,0.126316
1980-12,86.4,0.009346,0.123537
1981-01,87.2,0.009259,0.117949
1981-02,88.0,0.009174,0.113924
1981-03,88.6,0.006818,0.106117
1981-04,89.1,0.005643,0.10136
1981-05,89.7,0.006734,0.097919
1981-06,90.5,0.008919,0.09697
1981-07,91.5,0.01105,0.107748
1981-08,92.2,0.00765,0.108173
1981-09,93.1,0.009761,0.109654
1981-10,93.4,0.003222,0.102715
1981-11,93.8,0.004283,0.095794
1981-12,94.1,0.003198,0.08912
1982-01,94.4,0.003188,0.082569
1982-02,94.7,0.003178,0.076136
1982-03,94.7,0.0,0.068849
1982-04,95.0,0.003168,0.066218
1982-05,95.9,0.009474,0.069119
1982-06,97.0,0.01147,0.071823
1982-07,97.5,0.005155,0.065574
1982-08,97.7,0.002051,0.059653
1982-09,97.7,0.0,0.049409
1982-10,98.1,0.004094,0.050321
1982-11,98.0,-0.001019,0.044776
1982-12,97.7,-0.003061,0.038257
1983-01,97.9,0.002047,0.037076
1983-02,98.0,0.001021,0.034847
1983-03,98.1,0.00102,0.035903
1983-04,98.8,0.007136,0.04
1983-05,99.2,0.004049,0.034411
1983-06,99.4,0.002016,0.024742
1983-07,99.8,0.004024,0.02359
1983-08,100.1,0.003006,0.024565
1983-09,100.4,0.002997,0.027636
1983-10,100.8,0.003984,0.027523
1983-11,101.1,0.002976,0.031633
1983-12,101.4,0.002967,0.037871
1984-01,102.1,0.006903,0.042901
1984-02,102.6,0.004897,0.046939
1984-03,102.9,0.002924,0.04893
1984-04,103.3,0.003887,0.045547
1984-05,103.5,0.001936,0.043347
1984-06,103.7,0.001932,0.04326
1984-07,104.1,0.003857,0.043086
1984-08,104.4,0.002882,0.042957
1984-09,104.7,0.002874,0.042829
1984-10,105.1,0.00382,0.042659
1984-11,105.3,0.001903,0.041543
1984-12,105.5,0.001899,0.040434
1985-01,105.7,0.001896,0.03526
1985-02,106.3,0.005676,0.036062
1985-03,106.8,0.004704,0.037901
1985-04,107.0,0.001873,0.035818
1985-05,107.2,0.001869,0.035749
1985-06,107.5,0.002799,0.036644
1985-07,107.7,0.00186,0.034582
1985-08,107.9,0.001857,0.033525
1985-09,108.1,0.001854,0.032474
1985-10,108.5,0.0037,0.03235
1985-11,109.0,0.004608,0.035138
1985-12,109.5,0.004587,0.037915
1986-01,109.9,0.003653,0.039735
1986-02,109.7,-0.00182,0.031985
1986-03,109.1,-0.005469,0.021536
1986-04,108.7,-0.003666,0.015888
1986-05,109.0,0.00276,0.016791
1986-06,109.4,0.00367,0.017674
1986-07,109.5,0.000914,0.016713
1986-08,109.6,0.000913,0.015755
1986-09,110.0,0.00365,0.017576
1986-10,110.2,0.001818,0.015668
1986-11,110.4,0.001815,0.012844
1986-12,110.8,0.003623,0.011872
1987-01,111.4,0.005415,0.013649
1987-02,111.8,0.003591,0.019143
1987-03,112.2,0.003578,0.028414
1987-04,112.7,0.004456,0.036799
1987-05,113.0,0.002662,0.036697
1987-06,113.5,0.004425,0.037477
1987-07,113.8,0.002643,0.039269
1987-08,114.3,0.004394,0.042883
1987-09,114.7,0.0035,0.042727
1987-10,115.0,0.002616,0.043557
1987-11,115.4,0.003478,0.04529
1987-12,115.6,0.001733,0.043321
1988-01,116.0,0.00346,0.041293
1988-02,116.2,0.001724,0.039356
1988-03,116.5,0.002582,0.038324
1988-04,117.2,0.006009,0.039929
1988-05,117.5,0.00256,0.039823
1988-06,118.0,0.004255,0.039648
1988-07,118.5,0.004237,0.041301
1988-08,119.0,0.004219,0.04112
1988-09,119.5,0.004202,0.041848
1988-10,119.9,0.003347,0.042609
1988-11,120.3,0.003336,0.042461
1988-12,120.7,0.003325,0.044118
1989-01,121.2,0.004143,0.044828
1989-02,121.6,0.0033,0.046472
1989-03,122.2,0.004934,0.048927
1989-04,123.1,0.007365,0.050341
1989-05,123.7,0.004874,0.052766
1989-06,124.1,0.003234,0.051695
1989-07,124.5,0.003223,0.050633
1989-08,124.5,0.0,0.046218
1989-09,124.8,0.00241,0.044351
1989-10,125.4,0.004808,0.045872
1989-11,125.9,0.003987,0.04655
1989-12,126.3,0.003177,0.046396
1990-01,127.5,0.009501,0.05198
1990-02,128.0,0.003922,0.052632
1990-03,128.6,0.004687,0.052373
1990-04,128.9,0.002333,0.047116
1990-05,129.1,0.001552,0.043654
1990-06,129.9,0.006197,0.046737
1990-07,130.5,0.004619,0.048193
1990-08,131.6,0.008429,0.057028
1990-09,132.5,0.006839,0.061699
1990-10,133.4,0.006792,0.063796
1990-11,133.7,0.002249,0.061954
1990-12,134.2,0.00374,0.062549
1991-01,134.7,0.003726,0.056471
1991-02,134.8,0.000742,0.053125
1991-03,134.8,0.0,0.048212
1991-04,135.1,0.002226,0.048099
1991-05,135.6,0.003701,0.050349
1991-06,136.0,0.00295,0.046959
1991-07,136.2,0.001471,0.043678
1991-08,136.6,0.002937,0.037994
1991-09,137.0,0.002928,0.033962
1991-10,137.2,0.00146,0.028486
1991-11,137.8,0.004373,0.030666
1991-12,138.2,0.002903,0.029806
1992-01,138.3,0.000724,0.026726
1992-02,138.6,0.002169,0.02819
1992-03,139.1,0.003608,0.031899
1992-04,139.4,0.002157,0.031828
1992-05,139.7,0.002152,0.030236
1992-06,140.1,0.002863,0.030147
1992-07,140.5,0.002855,0.031571
1992-08,140.8,0.002135,0.030747
1992-09,141.1,0.002131,0.029927
1992-10,141.7,0.004252,0.032799
1992-11,142.1,0.002823,0.031205
1992-12,142.3,0.001407,0.029667
1993-01,142.8,0.003514,0.032538
1993-02,143.1,0.002101,0.032468
1993-03,143.3,0.001398,0.030194
1993-04,143.8,0.003489,0.031564
1993-05,144.2,0.002782,0.032212
1993-06,144.3,0.000693,0.029979
1993-07,144.5,0.001386,0.02847
1993-08,144.8,0.002076,0.028409
1993-09,145.0,0.001381,0.02764
1993-10,145.6,0.004138,0.027523
1993-11,146.0,0.002747,0.027445
1993-12,146.3,0.002055,0.02811
1994-01,146.3,0.0,0.02451
1994-02,146.7,0.002734,0.025157
1994-03,147.1,0.002727,0.026518
1994-04,147.2,0.00068,0.023644
1994-05,147.5,0.002038,0.022885
1994-06,147.9,0.002712,0.024948
1994-07,148.4,0.003381,0.02699
1994-08,149.0,0.004043,0.029006
1994-09,149.3,0.002013,0.029655
1994-10,149.4,0.00067,0.026099
1994-11,149.8,0.002677,0.026027
1994-12,150.1,0.002003,0.025974
1995-01,150.5,0.002665,0.028708
1995-02,150.9,0.002658,0.02863
1995-03,151.2,0.001988,0.027872
1995-04,151.8,0.003968,0.03125
1995-05,152.1,0.001976,0.031186
1995-06,152.4,0.001972,0.030426
1995-07,152.6,0.001312,0.028302
1995-08,152.9,0.001966,0.026174
1995-09,153.1,0.001308,0.025452
1995-10,153.5,0.002613,0.027443
1995-11,153.7,0.001303,0.026035
1995-12,153.9,0.001301,0.025316
1996-01,154.7,0.005198,0.027907
1996-02,155.0,0.001939,0.02717
1996-03,155.5,0.003226,0.028439
1996-04,156.1,0.003859,0.028327
1996-05,156.4,0.001922,0.028271
1996-06,156.7,0.001918,0.028215
1996-07,157.0,0.001914,0.028834
1996-08,157.2,0.001274,0.028123
1996-09,157.7,0.003181,0.030046
1996-10,158.2,0.003171,0.030619
1996-11,158.7,0.003161,0.032531
1996-12,159.1,0.00252,0.033788
1997-01,159.4,0.001886,0.030381
1997-02,159.7,0.001882,0.030323
1997-03,159.8,0.000626,0.027653
1997-04,159.9,0.000626,0.024343
1997-05,159.9,0.0,0.022379
1997-06,160.2,0.001876,0.022336
1997-07,160.4,0.001248,0.021656
1997-08,160.8,0.002494,0.022901
1997-09,161.2,0.002488,0.022194
1997-10,161.5,0.001861,0.02086
1997-11,161.7,0.001238,0.018904
1997-12,161.8,0.000618,0.01697
1998-01,162.0,0.001236,0.016311
1998-02,162.0,0.0,0.014402
1998-03,162.0,0.0,0.013767
1998-04,162.2,0.001235,0.014384
1998-05,162.6,0.002466,0.016886
1998-06,162.8,0.00123,0.01623
1998-07,163.2,0.002457,0.017456
1998-08,163.4,0.001225,0.016169
1998-09,163.5,0.000612,0.014268
1998-10,163.9,0.002446,0.014861
1998-11,164.1,0.00122,0.014842
1998-12,164.4,0.001828,0.016069
1999-01,164.7,0.001825,0.016667
1999-02,164.7,0.0,0.016667
1999-03,164.8,0.000607,0.017284
1999-04,165.9,0.006675,0.022811
1999-05,166.0,0.000603,0.02091
1999-06,166.0,0.0,0.019656
1999-07,166.7,0.004217,0.021446
1999-08,167.1,0.0024,0.022644
1999-09,167.8,0.004189,0.0263
1999-10,168.1,0.001788,0.025625
1999-11,168.4,0.001785,0.026204
1999-12,168.8,0.002375,0.026764
2000-01,169.3,0.002962,0.02793
2000-02,170.0,0.004135,0.03218
2000-03,171.0,0.005882,0.037621
2000-04,170.9,-0.000585,0.030139
2000-05,171.2,0.001755,0.031325
2000-06,172.2,0.005841,0.037349
2000-07,172.7,0.002904,0.035993
2000-08,172.7,0.0,0.033513
2000-09,173.6,0.005211,0.034565
2000-10,173.9,0.001728,0.034503
2000-11,174.2,0.001725,0.034442
2000-12,174.6,0.002296,0.03436
2001-01,175.6,0.005727,0.037212
2001-02,176.0,0.002278,0.035294
2001-03,176.1,0.000568,0.029825
2001-04,176.4,0.001704,0.032183
2001-05,177.3,0.005102,0.035631
2001-06,177.7,0.002256,0.03194
2001-07,177.4,-0.001688,0.027215
2001-08,177.4,0.0,0.027215
2001-09,178.1,0.003946,0.025922
2001-10,177.6,-0.002807,0.021277
2001-11,177.5,-0.000563,0.018944
2001-12,177.4,-0.000563,0.016037
2002-01,177.7,0.001691,0.011959
2002-02,178.0,0.001688,0.011364
2002-03,178.5,0.002809,0.013629
2002-04,179.3,0.004482,0.01644
2002-05,179.5,0.001115,0.012408
2002-06,179.6,0.000557,0.010692
2002-07,180.0,0.002227,0.014656
2002-08,180.5,0.002778,0.017475
2002-09,180.8,0.001662,0.01516
2002-10,181.2,0.002212,0.02027
2002-11,181.5,0.001656,0.022535
2002-12,181.8,0.001653,0.024803
2003-01,182.6,0.0044,0.027575
2003-02,183.6,0.005476,0.031461
2003-03,183.9,0.001634,0.030252
2003-04,183.2,-0.003806,0.021751
2003-05,182.9,-0.001638,0.018942
2003-06,183.1,0.001093,0.019488
2003-07,183.7,0.003277,0.020556
2003-08,184.5,0.004355,0.022161
2003-09,185.1,0.003252,0.023783
2003-10,184.9,-0.00108,0.020419
2003-11,185.0,0.000541,0.019284
2003-12,185.5,0.002703,0.020352
2004-01,186.3,0.004313,0.020263
2004-02,186.7,0.002147,0.016885
2004-03,187.1,0.002142,0.017401
2004-04,187.4,0.001603,0.022926
2004-05,188.2,0.004269,0.028978
2004-06,188.9,0.003719,0.031677
2004-07,189.1,0.001059,0.029396
2004-08,189.2,0.000529,0.025474
2004-09,189.8,0.003171,0.025392
2004-10,190.8,0.005269,0.031909
2004-11,191.7,0.004717,0.036216
2004-12,191.7,0.0,0.033423
2005-01,191.6,-0.000522,0.028449
2005-02,192.4,0.004175,0.03053
2005-03,193.1,0.003638,0.032068
2005-04,193.7,0.003107,0.033618
2005-05,193.6,-0.000516,0.028693
2005-06,193.7,0.000517,0.02541
2005-07,194.9,0.006195,0.030672
2005-08,196.1,0.006157,0.036469
2005-09,198.8,0.013768,0.047418
2005-10,199.1,0.001509,0.043501
2005-11,198.1,-0.005023,0.033385
2005-12,198.1,0.0,0.033385
2006-01,199.3,0.006058,0.040188
2006-02,199.4,0.000502,0.036383
2006-03,199.7,0.001505,0.034179
2006-04,200.7,0.005008,0.036138
2006-05,201.3,0.00299,0.039773
2006-06,201.8,0.002484,0.041817
2006-07,202.9,0.005451,0.041047
2006-08,203.8,0.004436,0.039266
2006-09,202.8,-0.004907,0.020121
2006-10,201.9,-0.004438,0.014063
2006-11,202.0,0.000495,0.019687
2006-12,203.1,0.005446,0.02524
2007-01,203.437,0.001659,0.020758
2007-02,204.226,0.003878,0.024203
2007-03,205.288,0.0052,0.027982
2007-04,205.904,0.003001,0.025929
2007-05,206.755,0.004133,0.027099
2007-06,207.234,0.002317,0.026928
2007-07,207.603,0.001781,0.023179
2007-08,207.667,0.000308,0.018974
2007-09,208.547,0.004238,0.028338
2007-10,209.19,0.003083,0.036107
2007-11,210.834,0.007859,0.043733
2007-12,211.445,0.002898,0.041088
2008-01,212.174,0.003448,0.042947
2008-02,212.687,0.002418,0.04143
2008-03,213.448,0.003578,0.039749
2008-04,213.942,0.002314,0.039038
2008-05,215.208,0.005917,0.040884
2008-06,217.463,0.010478,0.04936
2008-07,219.016,0.007141,0.054975
2008-08,218.69,-0.001488,0.05308
2008-09,218.877,0.000855,0.049533
2008-10,216.995,-0.008598,0.037311
2008-11,213.153,-0.017705,0.010999
2008-12,211.398,-0.008234,-0.000222
2009-01,211.933,0.002531,-0.001136
2009-02,212.705,0.003643,8.5e-05
2009-03,212.495,-0.000987,-0.004465
2009-04,212.709,0.001007,-0.005763
2009-05,213.022,0.001471,-0.010158
2009-06,214.79,0.0083,-0.012292
2009-07,214.726,-0.000298,-0.019588
2009-08,215.445,0.003348,-0.014838
2009-09,215.861,0.001931,-0.013779
2009-10,216.509,0.003002,-0.00224
2009-11,217.234,0.003349,0.019146
2009-12,217.347,0.00052,0.028141
2010-01,217.488,0.000649,0.026211
2010-02,217.281,-0.000952,0.021513
2010-03,217.353,0.000331,0.022862
2010-04,217.403,0.00023,0.022068
2010-05,217.29,-0.00052,0.020035
2010-06,217.199,-0.000419,0.011216
2010-07,217.605,0.001869,0.013408
2010-08,217.923,0.001461,0.011502
2010-09,218.275,0.001615,0.011183
2010-10,219.035,0.003482,0.011667
2010-11,219.59,0.002534,0.010845
2010-12,220.472,0.004017,0.014378
2011-01,221.187,0.003243,0.017008
2011-02,221.898,0.003214,0.021249
2011-03,223.046,0.005174,0.026192
2011-04,224.093,0.004694,0.030772
2011-05,224.806,0.003182,0.03459
2011-06,224.806,0.0,0.035023
2011-07,225.395,0.00262,0.035799
2011-08,226.106,0.003154,0.03755
2011-09,226.597,0.002172,0.038126
2011-10,226.75,0.000675,0.035223
2011-11,227.169,0.001848,0.034514
2011-12,227.223,0.000238,0.030621
2012-01,227.842,0.002724,0.030088
2012-02,228.329,0.002137,0.028982
2012-03,228.807,0.002093,0.025829
2012-04,229.187,0.001661,0.022732
2012-05,228.713,-0.002068,0.017379
2012-06,228.524,-0.000826,0.016539
2012-07,228.59,0.000289,0.014175
2012-08,229.918,0.00581,0.016859
2012-09,231.015,0.004771,0.019497
2012-10,231.638,0.002697,0.021557
2012-11,231.249,-0.001679,0.01796
2012-12,231.221,-0.000121,0.017595
2013-01,231.679,0.001981,0.016841
2013-02,232.937,0.00543,0.020181
2013-03,232.282,-0.002812,0.015187
2013-04,231.797,-0.002088,0.011388
2013-05,231.893,0.000414,0.013904
2013-06,232.445,0.00238,0.017158
2013-07,232.9,0.001957,0.018855
2013-08,233.456,0.002387,0.015388
2013-09,233.544,0.000377,0.010947
2013-10,233.669,0.000535,0.008768
2013-11,234.1,0.001844,0.012329
2013-12,234.719,0.002644,0.015128
2014-01,235.288,0.002424,0.015578
2014-02,235.547,0.001101,0.011205
2014-03,236.028,0.002042,0.016127
2014-04,236.468,0.001864,0.020151
2014-05,236.918,0.001903,0.021669
2014-06,237.231,0.001321,0.02059
2014-07,237.498,0.001125,0.019742
2014-08,237.46,-0.00016,0.017151
2014-09,237.477,7.2e-05,0.016841
2014-10,237.43,-0.000198,0.016095
2014-11,236.983,-0.001883,0.012315
2014-12,236.252,-0.003085,0.006531
2015-01,234.747,-0.00637,-0.002299
2015-02,235.342,0.002535,-0.00087
2015-03,235.976,0.002694,-0.00022
2015-04,236.222,0.001042,-0.00104
2015-05,237.001,0.003298,0.00035
2015-06,237.657,0.002768,0.001796
2015-07,238.034,0.001586,0.002257
2015-08,238.033,-4e-06,0.002413
2015-09,237.498,-0.002248,8.8e-05
2015-10,237.733,0.000989,0.001276
2015-11,238.017,0.001195,0.004363
2015-12,237.761,-0.001076,0.006387
2016-01,237.652,-0.000458,0.012375
2016-02,237.336,-0.00133,0.008473
2016-03,238.08,0.003135,0.008916
2016-04,238.992,0.003831,0.011726
2016-05,239.557,0.002364,0.010785
2016-06,240.222,0.002776,0.010793
2016-07,240.101,-0.000504,0.008684
2016-08,240.545,0.001849,0.010553
2016-09,241.176,0.002623,0.015486
2016-10,241.741,0.002343,0.016859
2016-11,242.026,0.001179,0.016843
2016-12,242.637,0.002525,0.020508
2017-01,243.618,0.004043,0.025104
2017-02,244.006,0.001593,0.028104
2017-03,243.892,-0.000467,0.024412
2017-04,244.193,0.001234,0.021762
2017-05,244.004,-0.000774,0.018563
2017-06,244.163,0.000652,0.016406
2017-07,244.243,0.000328,0.017251
2017-08,245.183,0.003849,0.019281
2017-09,246.435,0.005106,0.021806
2017-10,246.626,0.000775,0.020208
2017-11,247.284,0.002668,0.021725
2017-12,247.805,0.002107,0.021299
2018-01,248.859,0.004253,0.021513
2018-02,249.529,0.002692,0.022635
2018-03,249.577,0.000192,0.023309
2018-04,250.227,0.002604,0.02471
2018-05,250.792,0.002258,0.027819
2018-06,251.018,0.000901,0.028076
2018-07,251.214,0.000781,0.028541
2018-08,251.663,0.001787,0.026429
2018-09,252.182,0.002062,0.023321
2018-10,252.772,0.00234,0.02492
2018-11,252.594,-0.000704,0.021473
2018-12,252.767,0.000685,0.020024
2019-01,252.561,-0.000815,0.014876
2019-02,253.319,0.003001,0.015189
2019-03,254.277,0.003782,0.018832
2019-04,255.233,0.00376,0.020006
2019-05,255.296,0.000247,0.017959
2019-06,255.213,-0.000325,0.016712
2019-07,255.802,0.002308,0.018263
2019-08,256.036,0.000915,0.017376
2019-09,256.43,0.001539,0.016845
2019-10,257.155,0.002827,0.01734
2019-11,257.879,0.002815,0.020923
2019-12,258.63,0.002912,0.023195
2020-01,258.906,0.001067,0.025123
2020-02,259.246,0.001313,0.023397
2020-03,258.15,-0.004228,0.015231
2020-04,256.126,-0.00784,0.003499
2020-05,255.848,-0.001085,0.002162
2020-06,257.004,0.004518,0.007018
2020-07,258.408,0.005463,0.010188
2020-08,259.366,0.003707,0.013006
2020-09,259.951,0.002255,0.013731
2020-10,260.249,0.001146,0.012032
2020-11,260.895,0.002482,0.011695
2020-12,262.005,0.004255,0.01305
2021-01,262.518,0.001958,0.013951
2021-02,263.583,0.004057,0.016729
2021-03,264.91,0.005034,0.026186
2021-04,266.752,0.006953,0.041487
2021-05,268.452,0.006373,0.049264
2021-06,270.664,0.00824,0.053151
2021-07,271.994,0.004914,0.052576
2021-08,272.789,0.002923,0.051753
2021-09,273.887,0.004025,0.05361
2021-10,276.434,0.009299,0.06219
2021-11,278.799,0.008555,0.068625
2021-12,280.808,0.007206,0.071766
2022-01,282.39,0.005634,0.075698
2022-02,284.535,0.007596,0.079489
2022-03,287.553,0.010607,0.085474
2022-04,288.764,0.004211,0.082519
2022-05,291.359,0.008987,0.08533
2022-06,294.996,0.012483,0.089897
2022-07,294.977,-6.4e-05,0.084498
2022-08,295.209,0.000787,0.082188
2022-09,296.341,0.003835,0.081983
2022-10,297.863,0.005136,0.077519
2022-11,298.648,0.002635,0.071195
2022-12,298.812,0.000549,0.064115
2023-01,300.356,0.005167,0.063621
2023-02,301.509,0.003839,0.059655
2023-03,301.744,0.000779,0.049351
2023-04,303.032,0.004269,0.049411
2023-05,303.365,0.001099,0.041207
2023-06,304.003,0.002103,0.030533
2023-07,304.628,0.002056,0.032718
2023-08,306.187,0.005118,0.037187
2023-09,307.288,0.003596,0.036941
2023-10,307.531,0.000791,0.032458
2023-11,308.024,0.001603,0.031395
2023-12,308.742,0.002331,0.033232
2024-01,309.685,0.003054,0.03106
2024-02,311.054,0.004421,0.031657
2024-03,312.23,0.003781,0.034751
2024-04,313.207,0.003129,0.033577
2024-05,313.225,5.7e-05,0.032502
2024-06,313.049,-0.000562,0.029756
2024-07,313.534,0.001549,0.029236
